{"cameraMode":{"drawMode":0,"name":"Shaded","section":"Shading Mode"},"sceneLighting":false,"audioPlay":false,"sceneViewState":{"m_AlwaysRefresh":false,"showFog":true,"showSkybox":false,"showFlares":true,"showImageEffects":true,"showParticleSystems":true,"showVisualEffectGraphs":true,"m_FxEnabled":true},"in2DMode":false,"pivot":{"x":0.03159832954406738,"y":-0.30099666118621828,"z":-0.0652356743812561},"rotation":{"x":-0.020916039124131204,"y":0.8579243421554565,"z":-0.03502925485372543,"w":-0.5121669769287109},"size":2.4768707752227785,"orthographic":false}