{"cameraMode":{"drawMode":0,"name":"Shaded","section":"Shading Mode"},"sceneLighting":false,"audioPlay":false,"sceneViewState":{"m_AlwaysRefresh":false,"showFog":true,"showSkybox":false,"showFlares":true,"showImageEffects":true,"showParticleSystems":true,"showVisualEffectGraphs":true,"m_FxEnabled":true},"in2DMode":false,"pivot":{"x":-0.21269237995147706,"y":1.1201409101486207,"z":-0.8583706021308899},"rotation":{"x":-0.0017379182390868664,"y":-0.9767367839813232,"z":0.2143189162015915,"w":-0.00791333056986332},"size":2.3066184520721437,"orthographic":true}