{"cameraMode":{"drawMode":0,"name":"Shaded","section":"Shading Mode"},"sceneLighting":false,"audioPlay":false,"sceneViewState":{"m_AlwaysRefresh":false,"showFog":true,"showSkybox":false,"showFlares":true,"showImageEffects":true,"showParticleSystems":true,"showVisualEffectGraphs":true,"m_FxEnabled":true},"in2DMode":false,"pivot":{"x":0.421436071395874,"y":1.085150957107544,"z":0.6050701141357422},"rotation":{"x":0.024491822347044946,"y":0.8467820882797241,"z":0.03914344683289528,"w":-0.5299453139305115},"size":0.8812508583068848,"orthographic":false}