{"cameraMode":{"drawMode":0,"name":"Shaded","section":"Shading Mode"},"sceneLighting":false,"audioPlay":false,"sceneViewState":{"m_AlwaysRefresh":false,"showFog":true,"showSkybox":false,"showFlares":true,"showImageEffects":true,"showParticleSystems":true,"showVisualEffectGraphs":true,"m_FxEnabled":true},"in2DMode":false,"pivot":{"x":0.6647225618362427,"y":0.6485660672187805,"z":1.4368047714233399},"rotation":{"x":-0.0017379182390868664,"y":-0.9767367839813232,"z":0.2143189162015915,"w":-0.00791333056986332},"size":2.5122528076171877,"orthographic":true}