{"cameraMode":{"drawMode":0,"name":"Shaded","section":"Shading Mode"},"sceneLighting":true,"audioPlay":false,"sceneViewState":{"m_AlwaysRefresh":false,"showFog":true,"showSkybox":true,"showFlares":true,"showImageEffects":true,"showParticleSystems":true,"showVisualEffectGraphs":true,"m_FxEnabled":true},"in2DMode":false,"pivot":{"x":-0.8347846269607544,"y":120.4810562133789,"z":-145.31597900390626},"rotation":{"x":-0.25211191177368166,"y":0.05666537582874298,"z":-0.014789924025535584,"w":-0.9659265875816345},"size":1.5515732765197755,"orthographic":false}