{"cameraMode":{"drawMode":0,"name":"Shaded","section":"Shading Mode"},"sceneLighting":false,"audioPlay":false,"sceneViewState":{"m_AlwaysRefresh":false,"showFog":true,"showSkybox":false,"showFlares":true,"showImageEffects":true,"showParticleSystems":true,"showVisualEffectGraphs":true,"m_FxEnabled":true},"in2DMode":false,"pivot":{"x":0.0005666017532348633,"y":0.8036905527114868,"z":-0.017668724060058595},"rotation":{"x":-0.20435930788516999,"y":0.0020529800094664098,"z":-0.00042833646875806153,"w":-0.9788957238197327},"size":1.1335736513137818,"orthographic":false}