{"cameraMode":{"drawMode":0,"name":"Shaded","section":"Shading Mode"},"sceneLighting":true,"audioPlay":false,"sceneViewState":{"m_AlwaysRefresh":false,"showFog":true,"showSkybox":true,"showFlares":true,"showImageEffects":true,"showParticleSystems":true,"showVisualEffectGraphs":true,"m_FxEnabled":true},"in2DMode":false,"pivot":{"x":1.8843293190002442,"y":-0.791743278503418,"z":-0.33839988708496096},"rotation":{"x":-0.20435930788516999,"y":0.0020529800094664098,"z":-0.00042833646875806153,"w":-0.9788957238197327},"size":10.920249938964844,"orthographic":false}