{"cameraMode":{"drawMode":0,"name":"Shaded","section":"Shading Mode"},"sceneLighting":true,"audioPlay":false,"sceneViewState":{"m_AlwaysRefresh":false,"showFog":true,"showSkybox":true,"showFlares":true,"showImageEffects":true,"showParticleSystems":true,"showVisualEffectGraphs":true,"m_FxEnabled":true},"in2DMode":false,"pivot":{"x":2.230452299118042,"y":15.319633483886719,"z":4.889015197753906},"rotation":{"x":-0.20435930788516999,"y":0.0020529800094664098,"z":-0.00042833646875806153,"w":-0.9788957238197327},"size":20.00153160095215,"orthographic":false}