{"cameraMode":{"drawMode":0,"name":"Shaded","section":"Shading Mode"},"sceneLighting":true,"audioPlay":false,"sceneViewState":{"m_AlwaysRefresh":false,"showFog":true,"showSkybox":true,"showFlares":true,"showImageEffects":true,"showParticleSystems":true,"showVisualEffectGraphs":true,"m_FxEnabled":true},"in2DMode":false,"pivot":{"x":69.27249908447266,"y":172.86253356933595,"z":-342.53631591796877},"rotation":{"x":-0.26951172947883608,"y":0.1724613904953003,"z":-0.04912663996219635,"w":-0.9461570978164673},"size":0.0632963553071022,"orthographic":false}